{
  "version": "1.0",
  "defaultProvider": "azure",
  "resources": [
    {
      "type": "Microsoft.Web/sites",
      "apiVersion": "2021-02-01",
      "name": "agrisync-backend",
      "location": "East US",
      "properties": {
        "serverFarmId": "/subscriptions/{subscription-id}/resourceGroups/agrisync-rg/providers/Microsoft.Web/serverfarms/agrisync-plan",
        "siteConfig": {
          "nodeVersion": "18.17.0",
          "appSettings": [
            {
              "name": "PORT",
              "value": "8080"
            },
            {
              "name": "JWT_SECRET",
              "value": "agrisync_jwt_secret_key_2024"
            },
            {
              "name": "NODE_ENV",
              "value": "production"
            },
            {
              "name": "DB_PATH",
              "value": "./database/agrisync.db"
            },
            {
              "name": "WEBSITE_NODE_DEFAULT_VERSION",
              "value": "18.17.0"
            }
          ]
        }
      }
    }
  ]
}