{
  "routes": [
    {
      "route": "/static/*",
      "headers": {
        "cache-control": "public, max-age=31536000, immutable"
      }
    },
    {
      "route": "/*",
      "serve": "/index.html",
      "statusCode": 200
    }
  ],
  "navigationFallback": {
    "rewrite": "/index.html",
    "exclude": ["/static/*", "*.{css,scss,js,png,gif,ico,jpg,svg}"]
  },
  "mimeTypes": {
    ".json": "application/json"
  },
  "globalHeaders": {
    "X-Content-Type-Options": "nosniff",
    "X-Frame-Options": "DENY",
    "Content-Security-Policy": "default-src 'self' 'unsafe-inline' 'unsafe-eval' https: data: blob:;"
  }
}